{"assets/font/Montserrat.ttf":["assets/font/Montserrat.ttf"],"assets/image/Akhlak.png":["assets/image/Akhlak.png"],"assets/image/Aktivitas.png":["assets/image/Aktivitas.png"],"assets/image/Feedback.png":["assets/image/Feedback.png"],"assets/image/Gambar_Kinerja_Kecil.png":["assets/image/Gambar_Kinerja_Kecil.png"],"assets/image/Inspeksi.png":["assets/image/Inspeksi.png"],"assets/image/Kinerja.png":["assets/image/Kinerja.png"],"assets/image/Konsultasi.png":["assets/image/Konsultasi.png"],"assets/image/Materi_Sharing.png":["assets/image/Materi_Sharing.png"],"assets/image/Pelatihan.png":["assets/image/Pelatihan.png"],"assets/image/Pengujian.png":["assets/image/Pengujian.png"],"assets/image/Poster1.png":["assets/image/Poster1.png"],"assets/image/Poster2.png":["assets/image/Poster2.png"],"assets/image/Poster3.png":["assets/image/Poster3.png"],"assets/image/PosterAkhlak.jpg":["assets/image/PosterAkhlak.jpg"],"assets/image/PosterPerilakuAkhlak.jpg":["assets/image/PosterPerilakuAkhlak.jpg"],"assets/image/Posterlandscape1.jpg":["assets/image/Posterlandscape1.jpg"],"assets/image/Posterlandscape2.jpg":["assets/image/Posterlandscape2.jpg"],"assets/image/Profil.png":["assets/image/Profil.png"],"assets/image/Safety_Moment.png":["assets/image/Safety_Moment.png"],"assets/image/Sertifikasi.png":["assets/image/Sertifikasi.png"],"assets/image/Siapkeakhlak.jpg":["assets/image/Siapkeakhlak.jpg"],"assets/image/Visi_Misi_Image.png":["assets/image/Visi_Misi_Image.png"],"assets/image/backgroundSplash_image.png":["assets/image/backgroundSplash_image.png"],"packages/cupertino_icons/assets/CupertinoIcons.ttf":["packages/cupertino_icons/assets/CupertinoIcons.ttf"],"packages/quickalert/assets/confirm.gif":["packages/quickalert/assets/confirm.gif"],"packages/quickalert/assets/error.gif":["packages/quickalert/assets/error.gif"],"packages/quickalert/assets/info.gif":["packages/quickalert/assets/info.gif"],"packages/quickalert/assets/loading.gif":["packages/quickalert/assets/loading.gif"],"packages/quickalert/assets/success.gif":["packages/quickalert/assets/success.gif"],"packages/quickalert/assets/warning.gif":["packages/quickalert/assets/warning.gif"]}